<?xml version="1.0" encoding="UTF-8" standalone="yes"?>
<addon id="repository.nitrocsia" name="NitroCSIA's XBMC Addons" version="1.0.0" provider-name="NitroCSIA">
	<extension point="xbmc.addon.repository" name="NitroCSIA's XBMC Addon Repository">
		<info compressed="false">https://raw.github.com/NitroCSIA/nitrocsia-xbmc-addons/master/addons.xml</info>
		<checksum>https://raw.github.com/NitroCSIA/nitrocsia-xbmc-addons/master/addons.xml.md5</checksum>
		<datadir zip="false">https://raw.github.com/NitroCSIA/nitrocsia-xbmc-addons/raw/master</datadir>
	</extension>
	<extension point="xbmc.addon.metadata">
		<summary lang="en">Install NitroCSIA's Addons</summary>
		<description lang="en">Download and install addons by NitroCSIA: LDS Videos, Hawaii News Now</description>
		<platform>all</platform>
	</extension>
</addon>
