<?xml version="1.0" encoding="UTF-8" standalone="yes"?>
<addon id="plugin.video.hawaiinewsnow" name="Hawaii News Now" version="0.0.2" provider-name="NitroCSIA@gmail.com">
    <requires>
        <import addon="xbmc.python" version="2.1.0"/>
        <import addon="script.module.beautifulsoup" version="3.0.8"/>
        <import addon="script.common.plugin.cache" version="0.9.1"/>
    </requires>
    <extension point="xbmc.python.pluginsource" library="addon.py">
        <provides>video</provides>
    </extension>
    <extension point="xbmc.addon.metadata">
        <website>http://www.hawaiinewsnow.com/</website>
        <source>https://github.com/NitroCSIA/nitrocsia-xbmc-addons/plugin.video.hawaiinewsnow</source>
        <email>NitroCSIA@gmail.com</email>
        <language>english</language>
        <platform>all</platform>
        <summary lang="en">Hawaii News</summary>
        <description lang="en">Play videos and live stream from hawaiinewsnow.com</description>
        <disclaimer lang="en"></disclaimer>
    </extension>
</addon>
